pc_received_time,device,timestamp,epoch,time_label,elapsed_s,temp_c,rh_percent,co2_ppm,pressure_hpa,vpd_kpa,air_velocity_ms,par_raw,par_umol_m2_s
2026-05-08 18:14:41,DREAM_Sensors_1,2026-05-08 16:14:41,1778256881,16:14:41,3037.0,21.68,37.46,,1016.29,1.621,0.088,,
2026-05-08 18:14:46,DREAM_Sensors_1,2026-05-08 16:14:46,1778256886,16:14:46,3042.0,21.68,37.4,700.0,1016.28,1.623,0.091,,
2026-05-08 18:14:51,DREAM_Sensors_1,2026-05-08 16:14:51,1778256891,16:14:51,3047.1,21.68,37.31,666.0,1016.29,1.626,0.091,,
2026-05-08 18:14:56,DREAM_Sensors_1,2026-05-08 16:14:56,1778256896,16:14:56,3052.1,21.69,37.24,645.0,1016.28,1.628,0.083,,
2026-05-08 18:15:01,DREAM_Sensors_1,2026-05-08 16:15:01,1778256901,16:15:01,3057.1,21.69,37.2,663.0,1016.28,1.629,0.088,,
2026-05-08 18:15:06,DREAM_Sensors_1,2026-05-08 16:15:06,1778256906,16:15:06,3062.1,21.69,37.12,659.0,1016.28,1.632,0.088,,
2026-05-08 18:15:11,DREAM_Sensors_1,2026-05-08 16:15:11,1778256911,16:15:11,3067.1,21.69,37.05,643.0,1016.27,1.634,0.093,,
2026-05-08 18:15:16,DREAM_Sensors_1,2026-05-08 16:15:16,1778256916,16:15:16,3072.1,21.7,37.08,642.0,1016.26,1.633,0.091,,
2026-05-08 18:15:23,DREAM_Sensors_1,2026-05-08 16:15:21,1778256921,16:15:21,3077.1,21.7,37.3,641.0,1016.26,1.628,0.093,,
2026-05-08 18:15:26,DREAM_Sensors_1,2026-05-08 16:15:26,1778256926,16:15:26,3082.1,21.71,37.35,640.0,1016.26,1.627,0.096,,
2026-05-08 18:15:34,DREAM_Sensors_1,2026-05-08 16:15:31,1778256931,16:15:31,3087.2,21.71,37.21,640.0,1016.26,1.631,0.164,,
2026-05-08 18:15:36,DREAM_Sensors_1,2026-05-08 16:15:36,1778256936,16:15:36,3092.2,21.71,37.15,641.0,1016.26,1.633,0.161,,
2026-05-08 18:15:41,DREAM_Sensors_1,2026-05-08 16:15:41,1778256941,16:15:41,3097.2,21.71,37.05,644.0,1016.27,1.636,0.151,,
2026-05-08 18:15:46,DREAM_Sensors_1,2026-05-08 16:15:46,1778256946,16:15:46,3102.2,21.72,37.05,646.0,1016.27,1.636,0.098,,
2026-05-08 18:15:51,DREAM_Sensors_1,2026-05-08 16:15:51,1778256951,16:15:51,3107.2,21.72,37.18,647.0,1016.27,1.633,0.091,,
2026-05-08 18:15:56,DREAM_Sensors_1,2026-05-08 16:15:56,1778256956,16:15:56,3112.2,21.73,37.14,648.0,1016.27,1.634,0.093,,
2026-05-08 18:16:01,DREAM_Sensors_1,2026-05-08 16:16:01,1778256961,16:16:01,3117.2,21.73,37.04,651.0,1016.27,1.638,0.091,,
2026-05-08 18:16:06,DREAM_Sensors_1,2026-05-08 16:16:06,1778256966,16:16:06,3122.2,21.74,36.97,653.0,1016.27,1.64,0.091,,
2026-05-08 18:16:11,DREAM_Sensors_1,2026-05-08 16:16:11,1778256971,16:16:11,3127.2,21.75,36.9,653.0,1016.27,1.643,0.096,,
2026-05-08 18:16:16,DREAM_Sensors_1,2026-05-08 16:16:16,1778256976,16:16:16,3132.2,21.75,36.83,652.0,1016.27,1.645,0.086,,
2026-05-08 18:16:21,DREAM_Sensors_1,2026-05-08 16:16:21,1778256981,16:16:21,3137.3,21.76,36.76,655.0,1016.26,1.648,0.091,,
2026-05-08 18:16:27,DREAM_Sensors_1,2026-05-08 16:16:26,1778256986,16:16:26,3142.3,21.77,36.73,654.0,1016.26,1.649,0.091,,
2026-05-08 18:16:32,DREAM_Sensors_1,2026-05-08 16:16:31,1778256991,16:16:31,3147.3,21.78,36.71,654.0,1016.26,1.651,0.091,,
2026-05-08 18:16:37,DREAM_Sensors_1,2026-05-08 16:16:36,1778256996,16:16:36,3152.3,21.78,36.69,655.0,1016.26,1.652,0.161,,
2026-05-08 18:16:42,DREAM_Sensors_1,2026-05-08 16:16:41,1778257001,16:16:41,3157.3,21.79,36.69,655.0,1016.26,1.653,0.164,,
2026-05-08 18:16:47,DREAM_Sensors_1,2026-05-08 16:16:46,1778257006,16:16:46,3162.3,21.8,36.69,654.0,1016.26,1.653,0.156,,
2026-05-08 18:16:53,DREAM_Sensors_1,2026-05-08 16:16:51,1778257011,16:16:51,3167.3,21.8,36.69,657.0,1016.26,1.654,0.141,,
2026-05-08 18:16:57,DREAM_Sensors_1,2026-05-08 16:16:56,1778257016,16:16:56,3172.3,21.81,36.92,656.0,1016.26,1.648,0.093,,
2026-05-08 18:17:02,DREAM_Sensors_1,2026-05-08 16:17:01,1778257021,16:17:01,3177.3,21.82,37.08,656.0,1016.26,1.645,0.096,,
2026-05-08 18:17:07,DREAM_Sensors_1,2026-05-08 16:17:06,1778257026,16:17:06,3182.4,21.83,37.08,656.0,1016.26,1.646,0.096,,
2026-05-08 18:17:12,DREAM_Sensors_1,2026-05-08 16:17:11,1778257031,16:17:11,3187.4,21.84,37.06,654.0,1016.26,1.648,0.088,,
2026-05-08 18:17:17,DREAM_Sensors_1,2026-05-08 16:17:16,1778257036,16:17:16,3192.4,21.85,37.05,655.0,1016.26,1.649,0.088,,
2026-05-08 18:17:22,DREAM_Sensors_1,2026-05-08 16:17:21,1778257041,16:17:21,3197.4,21.86,37.01,653.0,1016.26,1.651,0.093,,
2026-05-08 18:17:27,DREAM_Sensors_1,2026-05-08 16:17:26,1778257046,16:17:26,3202.4,21.86,36.92,654.0,1016.26,1.654,0.093,,
2026-05-08 18:17:32,DREAM_Sensors_1,2026-05-08 16:17:31,1778257051,16:17:31,3207.4,21.87,37.0,657.0,1016.25,1.652,0.088,,
2026-05-08 18:17:37,DREAM_Sensors_1,2026-05-08 16:17:36,1778257056,16:17:36,3212.4,21.87,36.99,657.0,1016.25,1.653,0.091,,
2026-05-08 18:17:42,DREAM_Sensors_1,2026-05-08 16:17:41,1778257061,16:17:41,3217.4,21.88,37.04,658.0,1016.25,1.653,0.091,,
2026-05-08 18:17:47,DREAM_Sensors_1,2026-05-08 16:17:46,1778257066,16:17:46,3222.5,21.89,37.03,660.0,1016.25,1.653,0.166,,
2026-05-08 18:17:52,DREAM_Sensors_1,2026-05-08 16:17:51,1778257071,16:17:51,3227.5,21.88,36.89,662.0,1016.25,1.657,0.166,,
2026-05-08 18:17:57,DREAM_Sensors_1,2026-05-08 16:17:56,1778257076,16:17:56,3232.5,21.89,36.8,661.0,1016.25,1.659,0.156,,
2026-05-08 18:18:03,DREAM_Sensors_1,2026-05-08 16:18:01,1778257081,16:18:01,3237.5,21.89,36.86,660.0,1016.25,1.658,0.093,,
2026-05-08 18:18:09,DREAM_Sensors_1,2026-05-08 16:18:06,1778257086,16:18:06,3242.5,21.89,36.85,661.0,1016.24,1.658,0.091,,
2026-05-08 18:18:12,DREAM_Sensors_1,2026-05-08 16:18:11,1778257091,16:18:11,3247.5,21.89,36.82,661.0,1016.24,1.659,0.093,,
2026-05-08 18:18:17,DREAM_Sensors_1,2026-05-08 16:18:16,1778257096,16:18:16,3252.5,21.88,36.85,659.0,1016.25,1.658,0.096,,
2026-05-08 18:18:22,DREAM_Sensors_1,2026-05-08 16:18:21,1778257101,16:18:21,3257.5,21.88,36.8,658.0,1016.24,1.659,0.093,,
2026-05-08 18:18:27,DREAM_Sensors_1,2026-05-08 16:18:26,1778257106,16:18:26,3262.5,21.88,36.76,661.0,1016.24,1.66,0.091,,
2026-05-08 18:18:32,DREAM_Sensors_1,2026-05-08 16:18:31,1778257111,16:18:31,3267.5,21.88,36.72,659.0,1016.24,1.66,0.096,,
2026-05-08 18:18:37,DREAM_Sensors_1,2026-05-08 16:18:36,1778257116,16:18:36,3272.5,21.87,36.93,659.0,1016.25,1.655,0.093,,
2026-05-08 18:18:42,DREAM_Sensors_1,2026-05-08 16:18:41,1778257121,16:18:41,3277.6,21.87,36.95,659.0,1016.24,1.654,0.093,,
2026-05-08 18:18:47,DREAM_Sensors_1,2026-05-08 16:18:46,1778257126,16:18:46,3282.6,21.86,36.84,660.0,1016.25,1.656,0.093,,
2026-05-08 18:18:52,DREAM_Sensors_1,2026-05-08 16:18:51,1778257131,16:18:51,3287.6,21.86,36.83,658.0,1016.25,1.656,0.149,,
2026-05-08 18:18:57,DREAM_Sensors_1,2026-05-08 16:18:56,1778257136,16:18:56,3292.6,21.85,36.79,658.0,1016.24,1.656,0.169,,
2026-05-08 18:19:02,DREAM_Sensors_1,2026-05-08 16:19:01,1778257141,16:19:01,3297.6,21.85,36.74,658.0,1016.24,1.657,0.159,,
2026-05-08 18:19:07,DREAM_Sensors_1,2026-05-08 16:19:06,1778257146,16:19:06,3302.6,21.84,36.72,657.0,1016.24,1.657,0.161,,
2026-05-08 18:19:12,DREAM_Sensors_1,2026-05-08 16:19:11,1778257151,16:19:11,3307.6,21.84,36.71,656.0,1016.24,1.657,0.098,,
2026-05-08 18:19:17,DREAM_Sensors_1,2026-05-08 16:19:16,1778257156,16:19:16,3312.6,21.84,36.69,655.0,1016.24,1.658,0.093,,
2026-05-08 18:19:22,DREAM_Sensors_1,2026-05-08 16:19:21,1778257161,16:19:21,3317.6,21.84,36.66,657.0,1016.23,1.658,0.093,,
2026-05-08 18:19:27,DREAM_Sensors_1,2026-05-08 16:19:26,1778257166,16:19:26,3322.6,21.84,36.65,654.0,1016.22,1.658,0.096,,
2026-05-08 18:19:32,DREAM_Sensors_1,2026-05-08 16:19:31,1778257171,16:19:31,3327.6,21.83,36.62,652.0,1016.22,1.659,0.098,,
2026-05-08 18:19:37,DREAM_Sensors_1,2026-05-08 16:19:36,1778257176,16:19:36,3332.6,21.83,36.62,654.0,1016.22,1.658,0.093,,
2026-05-08 18:19:42,DREAM_Sensors_1,2026-05-08 16:19:41,1778257181,16:19:41,3337.7,21.82,36.62,653.0,1016.23,1.658,0.086,,
2026-05-08 18:20:07,DREAM_Sensors_1,2026-05-08 16:20:07,1778257207,16:20:07,3362.9,21.78,36.89,,1016.19,1.646,0.093,,
2026-05-08 18:20:12,DREAM_Sensors_1,2026-05-08 16:20:12,1778257212,16:20:12,3367.9,21.78,36.91,629.0,1016.21,1.646,0.096,,
2026-05-08 18:20:17,DREAM_Sensors_1,2026-05-08 16:20:17,1778257217,16:20:17,3372.9,21.79,37.01,632.0,1016.21,1.644,0.093,,
2026-05-08 18:20:22,DREAM_Sensors_1,2026-05-08 16:20:22,1778257222,16:20:22,3377.9,21.79,37.02,650.0,1016.22,1.644,0.093,,
2026-05-08 18:20:30,DREAM_Sensors_1,2026-05-08 16:20:27,1778257227,16:20:27,3382.9,21.8,36.97,655.0,1016.22,1.646,0.091,,
2026-05-08 18:20:34,DREAM_Sensors_1,2026-05-08 16:20:32,1778257232,16:20:32,3387.9,21.8,36.84,653.0,1016.23,1.649,0.086,,
2026-05-08 18:20:37,DREAM_Sensors_1,2026-05-08 16:20:37,1778257237,16:20:37,3392.9,21.8,36.78,641.0,1016.23,1.651,0.091,,
2026-05-08 18:20:42,DREAM_Sensors_1,2026-05-08 16:20:42,1778257242,16:20:42,3397.9,21.8,36.7,651.0,1016.23,1.654,0.093,,
2026-05-08 18:20:47,DREAM_Sensors_1,2026-05-08 16:20:47,1778257247,16:20:47,3402.9,21.81,36.76,656.0,1016.23,1.653,0.093,,
2026-05-08 18:20:52,DREAM_Sensors_1,2026-05-08 16:20:52,1778257252,16:20:52,3407.9,21.81,36.76,651.0,1016.23,1.653,0.078,,
2026-05-08 18:20:57,DREAM_Sensors_1,2026-05-08 16:20:57,1778257257,16:20:57,3412.9,21.82,36.68,650.0,1016.24,1.656,0.166,,
2026-05-08 18:21:02,DREAM_Sensors_1,2026-05-08 16:21:02,1778257262,16:21:02,3417.9,21.82,36.9,648.0,1016.23,1.651,0.161,,
2026-05-08 18:21:07,DREAM_Sensors_1,2026-05-08 16:21:07,1778257267,16:21:07,3423.0,21.83,36.97,649.0,1016.23,1.649,0.166,,
2026-05-08 18:21:12,DREAM_Sensors_1,2026-05-08 16:21:12,1778257272,16:21:12,3428.0,21.83,37.07,649.0,1016.23,1.647,0.091,,
2026-05-08 18:21:17,DREAM_Sensors_1,2026-05-08 16:21:17,1778257277,16:21:17,3433.0,21.84,36.95,647.0,1016.23,1.65,0.086,,
2026-05-08 18:21:22,DREAM_Sensors_1,2026-05-08 16:21:22,1778257282,16:21:22,3438.0,21.84,36.95,650.0,1016.22,1.651,0.088,,
2026-05-08 18:21:29,DREAM_Sensors_1,2026-05-08 16:21:27,1778257287,16:21:27,3443.0,21.84,37.46,652.0,1016.22,1.638,0.086,,
2026-05-08 18:21:32,DREAM_Sensors_1,2026-05-08 16:21:32,1778257292,16:21:32,3448.0,21.84,37.36,652.0,1016.22,1.64,0.091,,
2026-05-08 18:21:37,DREAM_Sensors_1,2026-05-08 16:21:37,1778257297,16:21:37,3453.0,21.84,37.1,653.0,1016.23,1.647,0.091,,
2026-05-08 18:21:42,DREAM_Sensors_1,2026-05-08 16:21:42,1778257302,16:21:42,3458.0,21.84,36.91,655.0,1016.23,1.652,0.076,,
2026-05-08 18:21:47,DREAM_Sensors_1,2026-05-08 16:21:47,1778257307,16:21:47,3463.0,21.84,37.2,656.0,1016.23,1.644,0.096,,
2026-05-08 18:21:52,DREAM_Sensors_1,2026-05-08 16:21:52,1778257312,16:21:52,3468.0,21.84,37.38,657.0,1016.23,1.639,0.088,,
2026-05-08 18:21:57,DREAM_Sensors_1,2026-05-08 16:21:57,1778257317,16:21:57,3473.0,21.84,37.53,655.0,1016.23,1.636,0.093,,
2026-05-08 18:22:02,DREAM_Sensors_1,2026-05-08 16:22:02,1778257322,16:22:02,3478.0,21.85,37.47,658.0,1016.23,1.638,0.141,,
2026-05-08 18:22:07,DREAM_Sensors_1,2026-05-08 16:22:07,1778257327,16:22:07,3483.1,21.85,37.48,662.0,1016.23,1.638,0.156,,
2026-05-08 18:22:12,DREAM_Sensors_1,2026-05-08 16:22:12,1778257332,16:22:12,3488.1,21.85,37.25,666.0,1016.23,1.643,0.164,,
2026-05-08 18:22:17,DREAM_Sensors_1,2026-05-08 16:22:17,1778257337,16:22:17,3493.1,21.84,37.06,666.0,1016.23,1.648,0.171,,
2026-05-08 18:22:22,DREAM_Sensors_1,2026-05-08 16:22:22,1778257342,16:22:22,3498.1,21.84,37.03,669.0,1016.24,1.649,0.093,,
2026-05-08 18:22:27,DREAM_Sensors_1,2026-05-08 16:22:27,1778257347,16:22:27,3503.1,21.84,36.96,670.0,1016.24,1.65,0.093,,
2026-05-08 18:22:32,DREAM_Sensors_1,2026-05-08 16:22:32,1778257352,16:22:32,3508.1,21.83,36.89,671.0,1016.24,1.652,0.093,,
2026-05-08 18:22:37,DREAM_Sensors_1,2026-05-08 16:22:37,1778257357,16:22:37,3513.2,21.83,36.82,670.0,1016.24,1.653,0.093,,
2026-05-08 18:22:44,DREAM_Sensors_1,2026-05-08 16:22:42,1778257362,16:22:42,3518.1,21.82,36.79,671.0,1016.24,1.654,0.098,,
2026-05-08 18:22:49,DREAM_Sensors_1,2026-05-08 16:22:47,1778257367,16:22:47,3523.2,21.82,36.8,671.0,1016.23,1.653,0.093,,
2026-05-08 18:22:54,DREAM_Sensors_1,2026-05-08 16:22:52,1778257372,16:22:52,3528.2,21.82,36.88,672.0,1016.23,1.65,0.088,,
2026-05-08 18:22:57,DREAM_Sensors_1,2026-05-08 16:22:57,1778257377,16:22:57,3533.2,21.82,36.92,671.0,1016.24,1.649,0.096,,
2026-05-08 18:23:02,DREAM_Sensors_1,2026-05-08 16:23:02,1778257382,16:23:02,3538.2,21.81,36.94,669.0,1016.24,1.648,0.091,,
2026-05-08 18:23:07,DREAM_Sensors_1,2026-05-08 16:23:07,1778257387,16:23:07,3543.2,21.81,36.89,670.0,1016.24,1.649,0.086,,
2026-05-08 18:23:12,DREAM_Sensors_1,2026-05-08 16:23:12,1778257392,16:23:12,3548.2,21.81,36.87,668.0,1016.23,1.65,0.159,,
2026-05-08 18:23:17,DREAM_Sensors_1,2026-05-08 16:23:17,1778257397,16:23:17,3553.2,21.8,36.85,668.0,1016.23,1.65,0.159,,
2026-05-08 18:23:22,DREAM_Sensors_1,2026-05-08 16:23:22,1778257402,16:23:22,3558.2,21.8,36.81,670.0,1016.23,1.65,0.164,,
2026-05-08 18:23:27,DREAM_Sensors_1,2026-05-08 16:23:27,1778257407,16:23:27,3563.2,21.8,36.78,670.0,1016.23,1.651,0.111,,
2026-05-08 18:23:32,DREAM_Sensors_1,2026-05-08 16:23:32,1778257412,16:23:32,3568.2,21.79,36.82,668.0,1016.23,1.65,0.091,,
2026-05-08 18:23:38,DREAM_Sensors_1,2026-05-08 16:23:37,1778257417,16:23:37,3573.2,21.79,36.91,669.0,1016.23,1.647,0.091,,
2026-05-08 18:23:43,DREAM_Sensors_1,2026-05-08 16:23:42,1778257422,16:23:42,3578.3,21.79,36.98,671.0,1016.22,1.645,0.093,,
2026-05-08 18:23:48,DREAM_Sensors_1,2026-05-08 16:23:47,1778257427,16:23:47,3583.3,21.79,37.01,669.0,1016.23,1.645,0.096,,
2026-05-08 18:23:53,DREAM_Sensors_1,2026-05-08 16:23:52,1778257432,16:23:52,3588.3,21.79,36.94,670.0,1016.22,1.646,0.096,,
2026-05-08 18:23:58,DREAM_Sensors_1,2026-05-08 16:23:57,1778257437,16:23:57,3593.3,21.8,36.95,668.0,1016.23,1.647,0.098,,
2026-05-08 18:24:03,DREAM_Sensors_1,2026-05-08 16:24:02,1778257442,16:24:02,3598.3,21.8,36.97,669.0,1016.22,1.646,0.088,,
2026-05-08 18:24:08,DREAM_Sensors_1,2026-05-08 16:24:07,1778257447,16:24:07,3603.3,21.8,36.9,671.0,1016.23,1.648,0.093,,
2026-05-08 18:24:13,DREAM_Sensors_1,2026-05-08 16:24:12,1778257452,16:24:12,3608.3,21.8,37.02,671.0,1016.24,1.645,0.091,,
2026-05-08 18:24:18,DREAM_Sensors_1,2026-05-08 16:24:17,1778257457,16:24:17,3613.3,21.8,37.14,670.0,1016.23,1.642,0.093,,
2026-05-08 18:24:23,DREAM_Sensors_1,2026-05-08 16:24:22,1778257462,16:24:22,3618.3,21.8,37.03,670.0,1016.23,1.645,0.169,,
2026-05-08 18:24:28,DREAM_Sensors_1,2026-05-08 16:24:27,1778257467,16:24:27,3623.4,21.8,37.05,672.0,1016.24,1.645,0.156,,
2026-05-08 18:24:33,DREAM_Sensors_1,2026-05-08 16:24:32,1778257472,16:24:32,3628.4,21.8,36.96,673.0,1016.24,1.647,0.159,,
2026-05-08 18:24:38,DREAM_Sensors_1,2026-05-08 16:24:37,1778257477,16:24:37,3633.4,21.8,36.89,673.0,1016.24,1.649,0.088,,
2026-05-08 18:24:43,DREAM_Sensors_1,2026-05-08 16:24:42,1778257482,16:24:42,3638.4,21.81,36.88,672.0,1016.24,1.649,0.093,,
2026-05-08 18:24:48,DREAM_Sensors_1,2026-05-08 16:24:47,1778257487,16:24:47,3643.4,21.81,36.88,671.0,1016.24,1.65,0.086,,
2026-05-08 18:24:53,DREAM_Sensors_1,2026-05-08 16:24:52,1778257492,16:24:52,3648.4,21.81,36.81,671.0,1016.24,1.652,0.088,,
2026-05-08 18:24:58,DREAM_Sensors_1,2026-05-08 16:24:57,1778257497,16:24:57,3653.4,21.82,36.76,669.0,1016.23,1.654,0.096,,
2026-05-08 18:25:03,DREAM_Sensors_1,2026-05-08 16:25:02,1778257502,16:25:02,3658.4,21.83,36.74,669.0,1016.23,1.655,0.091,,
2026-05-08 18:25:08,DREAM_Sensors_1,2026-05-08 16:25:07,1778257507,16:25:07,3663.5,21.83,36.76,670.0,1016.23,1.655,0.088,,
2026-05-08 18:25:13,DREAM_Sensors_1,2026-05-08 16:25:12,1778257512,16:25:12,3668.5,21.84,36.88,670.0,1016.23,1.653,0.081,,
2026-05-08 18:25:18,DREAM_Sensors_1,2026-05-08 16:25:17,1778257517,16:25:17,3673.5,21.85,36.89,670.0,1016.24,1.653,0.088,,
2026-05-08 18:25:23,DREAM_Sensors_1,2026-05-08 16:25:22,1778257522,16:25:22,3678.5,21.85,36.85,669.0,1016.23,1.655,0.091,,
2026-05-08 18:25:28,DREAM_Sensors_1,2026-05-08 16:25:27,1778257527,16:25:27,3683.5,21.86,36.84,668.0,1016.24,1.655,0.154,,
2026-05-08 18:25:33,DREAM_Sensors_1,2026-05-08 16:25:32,1778257532,16:25:32,3688.5,21.86,36.82,668.0,1016.23,1.656,0.156,,
2026-05-08 18:25:38,DREAM_Sensors_1,2026-05-08 16:25:37,1778257537,16:25:37,3693.5,21.86,36.75,669.0,1016.23,1.658,0.169,,
2026-05-08 18:25:43,DREAM_Sensors_1,2026-05-08 16:25:42,1778257542,16:25:42,3698.5,21.86,36.69,669.0,1016.23,1.66,0.164,,
2026-05-08 18:25:48,DREAM_Sensors_1,2026-05-08 16:25:47,1778257547,16:25:47,3703.5,21.86,36.66,670.0,1016.23,1.66,0.088,,
2026-05-08 18:25:53,DREAM_Sensors_1,2026-05-08 16:25:52,1778257552,16:25:52,3708.5,21.85,36.67,669.0,1016.22,1.659,0.091,,
2026-05-08 18:25:58,DREAM_Sensors_1,2026-05-08 16:25:57,1778257557,16:25:57,3713.5,21.85,36.66,667.0,1016.22,1.66,0.093,,
2026-05-08 18:26:03,DREAM_Sensors_1,2026-05-08 16:26:02,1778257562,16:26:02,3718.5,21.84,36.63,664.0,1016.21,1.66,0.091,,
2026-05-08 18:26:08,DREAM_Sensors_1,2026-05-08 16:26:07,1778257567,16:26:07,3723.5,21.84,36.6,663.0,1016.21,1.66,0.098,,
2026-05-08 18:26:13,DREAM_Sensors_1,2026-05-08 16:26:12,1778257572,16:26:12,3728.5,21.83,36.56,662.0,1016.21,1.66,0.101,,
2026-05-08 18:26:18,DREAM_Sensors_1,2026-05-08 16:26:17,1778257577,16:26:17,3733.5,21.83,36.53,662.0,1016.21,1.66,0.093,,
2026-05-08 18:26:23,DREAM_Sensors_1,2026-05-08 16:26:22,1778257582,16:26:22,3738.5,21.82,36.56,661.0,1016.21,1.659,0.088,,
2026-05-08 18:26:28,DREAM_Sensors_1,2026-05-08 16:26:27,1778257587,16:26:27,3743.6,21.82,36.8,660.0,1016.21,1.653,0.101,,
2026-05-08 18:26:33,DREAM_Sensors_1,2026-05-08 16:26:32,1778257592,16:26:32,3748.6,21.82,36.91,659.0,1016.2,1.649,0.096,,
2026-05-08 18:26:38,DREAM_Sensors_1,2026-05-08 16:26:37,1778257597,16:26:37,3753.6,21.81,36.82,658.0,1016.21,1.651,0.164,,
2026-05-08 18:26:43,DREAM_Sensors_1,2026-05-08 16:26:42,1778257602,16:26:42,3758.6,21.8,36.73,659.0,1016.2,1.653,0.164,,
2026-05-08 18:26:48,DREAM_Sensors_1,2026-05-08 16:26:47,1778257607,16:26:47,3763.6,21.8,36.7,657.0,1016.2,1.653,0.154,,
2026-05-08 18:26:53,DREAM_Sensors_1,2026-05-08 16:26:52,1778257612,16:26:52,3768.6,21.8,36.69,653.0,1016.2,1.653,0.131,,
2026-05-08 18:26:58,DREAM_Sensors_1,2026-05-08 16:26:57,1778257617,16:26:57,3773.6,21.8,36.72,653.0,1016.2,1.652,0.093,,
2026-05-08 18:27:03,DREAM_Sensors_1,2026-05-08 16:27:02,1778257622,16:27:02,3778.6,21.8,36.66,651.0,1016.2,1.654,0.096,,
2026-05-08 18:27:08,DREAM_Sensors_1,2026-05-08 16:27:07,1778257627,16:27:07,3783.6,21.8,36.64,651.0,1016.2,1.654,0.096,,
2026-05-08 18:27:13,DREAM_Sensors_1,2026-05-08 16:27:12,1778257632,16:27:12,3788.6,21.8,36.62,650.0,1016.2,1.655,0.098,,
2026-05-08 18:27:18,DREAM_Sensors_1,2026-05-08 16:27:17,1778257637,16:27:17,3793.6,21.79,36.61,649.0,1016.2,1.655,0.091,,
2026-05-08 18:27:23,DREAM_Sensors_1,2026-05-08 16:27:22,1778257642,16:27:22,3798.6,21.79,36.61,648.0,1016.2,1.655,0.098,,
2026-05-08 18:27:28,DREAM_Sensors_1,2026-05-08 16:27:27,1778257647,16:27:27,3803.7,21.79,36.61,647.0,1016.2,1.655,0.091,,
2026-05-08 18:27:33,DREAM_Sensors_1,2026-05-08 16:27:32,1778257652,16:27:32,3808.7,21.79,36.65,648.0,1016.2,1.654,0.093,,
2026-05-08 18:27:38,DREAM_Sensors_1,2026-05-08 16:27:38,1778257658,16:27:38,3813.7,21.79,36.82,648.0,1016.2,1.649,0.093,,
2026-05-08 18:27:43,DREAM_Sensors_1,2026-05-08 16:27:43,1778257663,16:27:43,3818.7,21.79,36.85,648.0,1016.2,1.649,0.096,,
2026-05-08 18:27:48,DREAM_Sensors_1,2026-05-08 16:27:48,1778257668,16:27:48,3823.7,21.79,36.86,645.0,1016.2,1.648,0.159,,
2026-05-08 18:27:53,DREAM_Sensors_1,2026-05-08 16:27:53,1778257673,16:27:53,3828.7,21.79,36.99,643.0,1016.2,1.644,0.156,,
2026-05-08 18:27:58,DREAM_Sensors_1,2026-05-08 16:27:58,1778257678,16:27:58,3833.7,21.79,37.04,643.0,1016.2,1.643,0.164,,
2026-05-08 18:28:03,DREAM_Sensors_1,2026-05-08 16:28:03,1778257683,16:28:03,3838.8,21.78,37.06,643.0,1016.19,1.642,0.103,,
2026-05-08 18:28:08,DREAM_Sensors_1,2026-05-08 16:28:08,1778257688,16:28:08,3843.8,21.78,37.07,644.0,1016.2,1.642,0.093,,
